"alias_id","surface_form","surface_norm","canonical_id","canonical_name","entity_type","sub_type","source","confidence","review_status","notes","created_at"
"1","Imran Khan","imran khan","person:imran_khan","Imran Khan","PERSON","politician","manual_seed","1.0","approved","top-1 entity (11059 mentions)","2026-05-02T17:27:08.382925+00:00"
"2","IK","ik","person:imran_khan","Imran Khan","PERSON","politician","manual_seed","1.0","approved","abbreviation; rank-5 (4298 mentions); critics-favoured form","2026-05-02T17:27:08.382925+00:00"
"3","Imran","imran","person:imran_khan","Imran Khan","PERSON","politician","manual_seed","1.0","approved","rank-41 (503 mentions)","2026-05-02T17:27:08.382925+00:00"
"4","عمران خان","عمران خان","person:imran_khan","Imran Khan","PERSON","politician","manual_seed","1.0","approved","Urdu transliteration; rank-56 (393 mentions)","2026-05-02T17:27:08.382925+00:00"
"5","Khan Sahab","khan sahab","person:imran_khan","Imran Khan","PERSON","politician","manual_seed","1.0","approved","respectful form; supporter-favoured","2026-05-02T17:27:08.382925+00:00"
"6","Kaptaan","kaptaan","person:imran_khan","Imran Khan","PERSON","politician","manual_seed","1.0","approved","nickname (the captain); supporter-favoured","2026-05-02T17:27:08.382925+00:00"
"7","@ImranKhanPTI","@imrankhanpti","person:imran_khan","Imran Khan","PERSON","politician","manual_seed","1.0","approved","Twitter handle reference","2026-05-02T17:27:08.382925+00:00"
"8","Nawaz Sharif","nawaz sharif","person:nawaz_sharif","Nawaz Sharif","PERSON","politician","manual_seed","1.0","approved","rank-6 (2118 mentions)","2026-05-02T17:27:08.382925+00:00"
"9","NS","ns","person:nawaz_sharif","Nawaz Sharif","PERSON","politician","manual_seed","1.0","approved","initials; rank-9 (1387 mentions)","2026-05-02T17:27:08.382925+00:00"
"10","Mian Nawaz","mian nawaz","person:nawaz_sharif","Nawaz Sharif","PERSON","politician","manual_seed","1.0","approved","respectful form","2026-05-02T17:27:08.382925+00:00"
"11","Mian Sahab","mian sahab","person:nawaz_sharif","Nawaz Sharif","PERSON","politician","manual_seed","1.0","approved","respectful form","2026-05-02T17:27:08.382925+00:00"
"12","Shehbaz Sharif","shehbaz sharif","person:shehbaz_sharif","Shehbaz Sharif","PERSON","politician","manual_seed","1.0","approved","rank-25 (714 mentions)","2026-05-02T17:27:08.382925+00:00"
"13","Shahbaz Sharif","shahbaz sharif","person:shehbaz_sharif","Shehbaz Sharif","PERSON","politician","manual_seed","1.0","approved","common alt-spelling; rank-40 (508 mentions)","2026-05-02T17:27:08.382925+00:00"
"14","Shehbaz","shehbaz","person:shehbaz_sharif","Shehbaz Sharif","PERSON","politician","manual_seed","1.0","approved","first name only; rank-55 (399 mentions)","2026-05-02T17:27:08.382925+00:00"
"15","PM Shehbaz","pm shehbaz","person:shehbaz_sharif","Shehbaz Sharif","PERSON","politician","manual_seed","1.0","approved","title + first name; rank-63 (328 mentions)","2026-05-02T17:27:08.382925+00:00"
"16","Shahbaz","shahbaz","person:shehbaz_sharif","Shehbaz Sharif","PERSON","politician","manual_seed","1.0","approved","first name alt-spelling","2026-05-02T17:27:08.382925+00:00"
"17","Maryam Nawaz","maryam nawaz","person:maryam_nawaz","Maryam Nawaz","PERSON","politician","manual_seed","1.0","approved","rank-28 (678 mentions)","2026-05-02T17:27:08.382925+00:00"
"18","Maryam","maryam","person:maryam_nawaz","Maryam Nawaz","PERSON","politician","manual_seed","1.0","approved","first name; rank-74 (269 mentions)","2026-05-02T17:27:08.382925+00:00"
"19","Maryam Nawaz Sharif","maryam nawaz sharif","person:maryam_nawaz","Maryam Nawaz","PERSON","politician","manual_seed","1.0","approved","full formal name","2026-05-02T17:27:08.382925+00:00"
"20","Asif Ali Zardari","asif ali zardari","person:asif_zardari","Asif Ali Zardari","PERSON","politician","manual_seed","1.0","approved","full name","2026-05-02T17:27:08.382925+00:00"
"21","Zardari","zardari","person:asif_zardari","Asif Ali Zardari","PERSON","politician","manual_seed","1.0","approved","surname only; rank-44 (483 mentions)","2026-05-02T17:27:08.382925+00:00"
"22","Asif Zardari","asif zardari","person:asif_zardari","Asif Ali Zardari","PERSON","politician","manual_seed","1.0","approved","common form","2026-05-02T17:27:08.382925+00:00"
"23","Bilawal Bhutto Zardari","bilawal bhutto zardari","person:bilawal_bhutto","Bilawal Bhutto Zardari","PERSON","politician","manual_seed","1.0","approved","rank-76 (258 mentions)","2026-05-02T17:27:08.382925+00:00"
"24","Bilawal","bilawal","person:bilawal_bhutto","Bilawal Bhutto Zardari","PERSON","politician","manual_seed","1.0","approved","first name only; rank-64 (313 mentions)","2026-05-02T17:27:08.382925+00:00"
"25","Bilawal Bhutto","bilawal bhutto","person:bilawal_bhutto","Bilawal Bhutto Zardari","PERSON","politician","manual_seed","1.0","approved","first + last","2026-05-02T17:27:08.382925+00:00"
"26","Asim Munir","asim munir","person:asim_munir","Asim Munir","PERSON","military","manual_seed","1.0","approved","current COAS; rank-18 (948 mentions)","2026-05-02T17:27:08.382925+00:00"
"27","Gen Munir","gen munir","person:asim_munir","Asim Munir","PERSON","military","manual_seed","1.0","approved","rank+name","2026-05-02T17:27:08.382925+00:00"
"28","General Munir","general munir","person:asim_munir","Asim Munir","PERSON","military","manual_seed","1.0","approved","full rank+name","2026-05-02T17:27:08.382925+00:00"
"29","Bajwa","bajwa","person:qamar_bajwa","Qamar Javed Bajwa","PERSON","military","manual_seed","1.0","approved","prior COAS surname; rank-59 (368 mentions)","2026-05-02T17:27:08.382925+00:00"
"30","Gen Bajwa","gen bajwa","person:qamar_bajwa","Qamar Javed Bajwa","PERSON","military","manual_seed","1.0","approved","rank+name","2026-05-02T17:27:08.382925+00:00"
"31","Qamar Javed Bajwa","qamar javed bajwa","person:qamar_bajwa","Qamar Javed Bajwa","PERSON","military","manual_seed","1.0","approved","full name","2026-05-02T17:27:08.382925+00:00"
"32","Hassan Nisar","hassan nisar","person:hassan_nisar","Hassan Nisar","PERSON","journalist","manual_seed","1.0","approved","rank-20 (826 mentions)","2026-05-02T17:27:08.382925+00:00"
"33","Hasan Nisar","hasan nisar","person:hassan_nisar","Hassan Nisar","PERSON","journalist","manual_seed","1.0","approved","alt-spelling; rank-57 (384 mentions)","2026-05-02T17:27:08.382925+00:00"
"34","حسن نثار","حسن نثار","person:hassan_nisar","Hassan Nisar","PERSON","journalist","manual_seed","1.0","approved","Urdu form; rank-38 (519 mentions)","2026-05-02T17:27:08.382925+00:00"
"35","Modi","modi","person:modi","Narendra Modi","PERSON","politician","manual_seed","1.0","approved","rank-46 (478 mentions); Indian PM","2026-05-02T17:27:08.382925+00:00"
"36","Narendra Modi","narendra modi","person:modi","Narendra Modi","PERSON","politician","manual_seed","1.0","approved","full name","2026-05-02T17:27:08.382925+00:00"
"37","Trump","trump","person:trump","Donald Trump","PERSON","politician","manual_seed","1.0","approved","rank-53 (421 mentions); US politician","2026-05-02T17:27:08.382925+00:00"
"38","Biden","biden","person:biden","Joe Biden","PERSON","politician","manual_seed","1.0","approved","rank-67 (293 mentions); US president","2026-05-02T17:27:08.382925+00:00"
"39","Putin","putin","person:putin","Vladimir Putin","PERSON","politician","manual_seed","1.0","approved","rank-95 (215 mentions); Russian leader","2026-05-02T17:27:08.382925+00:00"
"40","PTI","pti","party:pti","PTI","PARTY",,"manual_seed","1.0","approved","top party (4544 mentions)","2026-05-02T17:27:08.382925+00:00"
"41","Tehreek-e-Insaf","tehreek-e-insaf","party:pti","PTI","PARTY",,"manual_seed","1.0","approved","full name in Urdu transliteration","2026-05-02T17:27:08.382925+00:00"
"42","Tehreek e Insaf","tehreek e insaf","party:pti","PTI","PARTY",,"manual_seed","1.0","approved","space variant","2026-05-02T17:27:08.382925+00:00"
"43","Insaf","insaf","party:pti","PTI","PARTY",,"manual_seed","1.0","approved","short form","2026-05-02T17:27:08.382925+00:00"
"44","PML-N","pml-n","party:pml_n","PML-N","PARTY",,"manual_seed","1.0","approved","rank-10 (1265 mentions)","2026-05-02T17:27:08.382925+00:00"
"45","PMLN","pmln","party:pml_n","PML-N","PARTY",,"manual_seed","1.0","approved","no-hyphen variant; rank-49 (435 mentions)","2026-05-02T17:27:08.382925+00:00"
"46","PML N","pml n","party:pml_n","PML-N","PARTY",,"manual_seed","1.0","approved","space variant","2026-05-02T17:27:08.382925+00:00"
"47","Muslim League","muslim league","party:pml_n","PML-N","PARTY",,"manual_seed","1.0","approved","short form (ambiguous but contextually PML-N)","2026-05-02T17:27:08.382925+00:00"
"48","PPP","ppp","party:ppp","PPP","PARTY",,"manual_seed","1.0","approved","rank-14 (1116 mentions)","2026-05-02T17:27:08.382925+00:00"
"49","Pakistan Peoples Party","pakistan peoples party","party:ppp","PPP","PARTY",,"manual_seed","1.0","approved","full name","2026-05-02T17:27:08.382925+00:00"
"50","Peoples Party","peoples party","party:ppp","PPP","PARTY",,"manual_seed","1.0","approved","short form","2026-05-02T17:27:08.382925+00:00"
"51","PDM","pdm","party:pdm","PDM","PARTY",,"manual_seed","1.0","approved","rank-50 (427 mentions); coalition","2026-05-02T17:27:08.382925+00:00"
"52","establishment","establishment","org:establishment","Establishment","ORGANIZATION","military","manual_seed","1.0","approved","rank-2 (6254 mentions); Pakistani political shorthand for unelected power structure","2026-05-02T17:27:08.382925+00:00"
"53","the establishment","the establishment","org:establishment","Establishment","ORGANIZATION","military","manual_seed","1.0","approved","article variant","2026-05-02T17:27:08.382925+00:00"
"54","deep state","deep state","org:establishment","Establishment","ORGANIZATION","military","manual_seed","1.0","approved","common synonym in Pakistani discourse","2026-05-02T17:27:08.382925+00:00"
"55","Pakistan Army","pakistan army","org:pakistan_army","Pakistan Army","ORGANIZATION","military","manual_seed","1.0","approved","rank-7 (1564 mentions)","2026-05-02T17:27:08.382925+00:00"
"56","Pak Army","pak army","org:pakistan_army","Pakistan Army","ORGANIZATION","military","manual_seed","1.0","approved","short form","2026-05-02T17:27:08.382925+00:00"
"57","Army","army","org:pakistan_army","Pakistan Army","ORGANIZATION","military","manual_seed","1.0","approved","rank-60 (364 mentions); contextually Pakistan Army","2026-05-02T17:27:08.382925+00:00"
"58","Military","military","org:pakistan_army","Pakistan Army","ORGANIZATION","military","manual_seed","1.0","approved","rank-69 (288 mentions); contextually Pakistan Military","2026-05-02T17:27:08.382925+00:00"
"59","Generals","generals","org:pakistan_army","Pakistan Army","ORGANIZATION","military","manual_seed","1.0","approved","rank-98 (205 mentions); senior military officers","2026-05-02T17:27:08.382925+00:00"
"60","ISI","isi","org:isi","ISI","ORGANIZATION","military","manual_seed","1.0","approved","rank-19 (832 mentions); Inter-Services Intelligence","2026-05-02T17:27:08.382925+00:00"
"61","Government","government","org:government","Government","ORGANIZATION","government","manual_seed","1.0","approved","rank-11 (1215 mentions)","2026-05-02T17:27:08.382925+00:00"
"62","Govt","govt","org:government","Government","ORGANIZATION","government","manual_seed","1.0","approved","abbreviation; rank-39 (518 mentions)","2026-05-02T17:27:08.382925+00:00"
"63","The Government","the government","org:government","Government","ORGANIZATION","government","manual_seed","1.0","approved","article variant","2026-05-02T17:27:08.382925+00:00"
"64","Federal Govt","federal govt","org:government","Government","ORGANIZATION","government","manual_seed","1.0","approved","article variant","2026-05-02T17:27:08.382925+00:00"
"65","Judiciary","judiciary","org:judiciary","Judiciary","ORGANIZATION","judiciary","manual_seed","1.0","approved","rank-35 (599 mentions)","2026-05-02T17:27:08.382925+00:00"
"66","Supreme Court","supreme court","org:supreme_court","Supreme Court","ORGANIZATION","judiciary","manual_seed","1.0","approved","rank-16 (973 mentions)","2026-05-02T17:27:08.382925+00:00"
"67","SC","sc","org:supreme_court","Supreme Court","ORGANIZATION","judiciary","manual_seed","1.0","approved","abbreviation; rank-65 (312 mentions)","2026-05-02T17:27:08.382925+00:00"
"68","Supreme Court of Pakistan","supreme court of pakistan","org:supreme_court","Supreme Court","ORGANIZATION","judiciary","manual_seed","1.0","approved","full name","2026-05-02T17:27:08.382925+00:00"
"69","SCP","scp","org:supreme_court","Supreme Court","ORGANIZATION","judiciary","manual_seed","1.0","approved","full abbreviation","2026-05-02T17:27:08.382925+00:00"
"70","ECP","ecp","org:ecp","Election Commission","ORGANIZATION","government","manual_seed","1.0","approved","rank-29 (671 mentions)","2026-05-02T17:27:08.382925+00:00"
"71","Election Commission","election commission","org:ecp","Election Commission","ORGANIZATION","government","manual_seed","1.0","approved","rank-88 (229 mentions)","2026-05-02T17:27:08.382925+00:00"
"72","Election Commission of Pakistan","election commission of pakistan","org:ecp","Election Commission","ORGANIZATION","government","manual_seed","1.0","approved","full name","2026-05-02T17:27:08.382925+00:00"
"73","ECI","eci","org:ecp","Election Commission","ORGANIZATION","government","manual_seed","1.0","approved","less-common abbreviation","2026-05-02T17:27:08.382925+00:00"
"74","NAB","nab","org:nab","NAB","ORGANIZATION","government","manual_seed","1.0","approved","rank-61 (351 mentions); National Accountability Bureau","2026-05-02T17:27:08.382925+00:00"
"75","FIA","fia","org:fia","FIA","ORGANIZATION","government","manual_seed","1.0","approved","rank-47 (456 mentions); Federal Investigation Agency","2026-05-02T17:27:08.382925+00:00"
"76","ISPR","ispr","org:ispr","ISPR","ORGANIZATION","military","manual_seed","1.0","approved","rank-48 (438 mentions); Inter-Services Public Relations","2026-05-02T17:27:08.382925+00:00"
"77","IMF","imf","org:imf","IMF","ORGANIZATION","international","manual_seed","1.0","approved","rank-33 (627 mentions); International Monetary Fund","2026-05-02T17:27:08.382925+00:00"
"78","UN","un","org:un","UN","ORGANIZATION","international","manual_seed","1.0","approved","rank-70 (287 mentions); United Nations","2026-05-02T17:27:08.382925+00:00"
"79","United Nations","united nations","org:un","UN","ORGANIZATION","international","manual_seed","1.0","approved","full name","2026-05-02T17:27:08.382925+00:00"
"80","Hamas","hamas","org:hamas","Hamas","ORGANIZATION","international","manual_seed","1.0","approved","rank-62 (346 mentions)","2026-05-02T17:27:08.382925+00:00"
"81","Taliban","taliban","org:taliban","Taliban","ORGANIZATION","international","manual_seed","1.0","approved","rank-30 (643 mentions)","2026-05-02T17:27:08.382925+00:00"
"82","TTP","ttp","org:ttp","TTP","ORGANIZATION","international","manual_seed","1.0","approved","rank-91 (226 mentions); Tehrik-e-Taliban Pakistan","2026-05-02T17:27:08.382925+00:00"
"83","Pakistan","pakistan","country:pakistan","Pakistan","LOCATION","country","manual_seed","1.0","approved","rank-4 (4511 mentions)","2026-05-02T17:27:08.382925+00:00"
"84","Pak","pak","country:pakistan","Pakistan","LOCATION","country","manual_seed","1.0","approved","abbreviation","2026-05-02T17:27:08.382925+00:00"
"85","Islamic Republic of Pakistan","islamic republic of pakistan","country:pakistan","Pakistan","LOCATION","country","manual_seed","1.0","approved","full name","2026-05-02T17:27:08.382925+00:00"
"86","India","india","country:india","India","LOCATION","country","manual_seed","1.0","approved","rank-8 (1553 mentions; LOC)","2026-05-02T17:27:08.382925+00:00"
"87","Bharat","bharat","country:india","India","LOCATION","country","manual_seed","1.0","approved","Hindi name","2026-05-02T17:27:08.382925+00:00"
"88","Indian Govt","indian govt","country:india","India","LOCATION","country","manual_seed","1.0","approved","common reference","2026-05-02T17:27:08.382925+00:00"
"89","India","india","country:india","India","ORGANIZATION","country","manual_seed","1.0","approved","rank-80 (245 mentions; ORG type)","2026-05-02T17:27:08.382925+00:00"
"90","Israel","israel","country:israel","Israel","LOCATION","country","manual_seed","1.0","approved","rank-17 (963 mentions; LOC)","2026-05-02T17:27:08.382925+00:00"
"91","Israeli regime","israeli regime","country:israel","Israel","LOCATION","country","manual_seed","1.0","approved","common Pakistani phrasing","2026-05-02T17:27:08.382925+00:00"
"92","Zionist regime","zionist regime","country:israel","Israel","LOCATION","country","manual_seed","1.0","approved","common Pakistani phrasing","2026-05-02T17:27:08.382925+00:00"
"93","Israel","israel","country:israel","Israel","ORGANIZATION","country","manual_seed","1.0","approved","rank-21 (824 mentions; ORG type)","2026-05-02T17:27:08.382925+00:00"
"94","US","us","country:us","United States","LOCATION","country","manual_seed","1.0","approved","rank-75 (264 mentions; LOC)","2026-05-02T17:27:08.382925+00:00"
"95","USA","usa","country:us","United States","LOCATION","country","manual_seed","1.0","approved","common alt","2026-05-02T17:27:08.382925+00:00"
"96","United States","united states","country:us","United States","LOCATION","country","manual_seed","1.0","approved","full","2026-05-02T17:27:08.382925+00:00"
"97","America","america","country:us","United States","LOCATION","country","manual_seed","1.0","approved","common","2026-05-02T17:27:08.382925+00:00"
"98","US","us","country:us","United States","ORGANIZATION","country","manual_seed","1.0","approved","rank-26 (713 mentions; ORG type)","2026-05-02T17:27:08.382925+00:00"
"99","USA","usa","country:us","United States","ORGANIZATION","country","manual_seed","1.0","approved","common alt","2026-05-02T17:27:08.382925+00:00"
"100","China","china","country:china","China","LOCATION","country","manual_seed","1.0","approved","rank-42 (495 mentions; LOC)","2026-05-02T17:27:08.382925+00:00"
"101","PRC","prc","country:china","China","LOCATION","country","manual_seed","1.0","approved","abbreviation","2026-05-02T17:27:08.382925+00:00"
"102","China","china","country:china","China","ORGANIZATION","country","manual_seed","1.0","approved","rank-43 (492 mentions; ORG type)","2026-05-02T17:27:08.382925+00:00"
"103","Saudi Arabia","saudi arabia","country:saudi_arabia","Saudi Arabia","LOCATION","country","manual_seed","1.0","approved","rank-66 (295 mentions)","2026-05-02T17:27:08.382925+00:00"
"104","KSA","ksa","country:saudi_arabia","Saudi Arabia","LOCATION","country","manual_seed","1.0","approved","abbreviation","2026-05-02T17:27:08.382925+00:00"
"105","Saudi","saudi","country:saudi_arabia","Saudi Arabia","LOCATION","country","manual_seed","1.0","approved","short form","2026-05-02T17:27:08.382925+00:00"
"106","Afghanistan","afghanistan","country:afghanistan","Afghanistan","LOCATION","country","manual_seed","1.0","approved","rank-32 (632 mentions)","2026-05-02T17:27:08.382925+00:00"
"107","Iran","iran","country:iran","Iran","LOCATION","country","manual_seed","1.0","approved","rank-27 (688 mentions)","2026-05-02T17:27:08.382925+00:00"
"108","Russia","russia","country:russia","Russia","LOCATION","country","manual_seed","1.0","approved","rank-94 (215 mentions)","2026-05-02T17:27:08.382925+00:00"
"109","Gaza","gaza","loc:gaza","Gaza","LOCATION","city","manual_seed","1.0","approved","rank-15 (1062 mentions)","2026-05-02T17:27:08.382925+00:00"
"110","Islamabad","islamabad","loc:islamabad","Islamabad","LOCATION","city","manual_seed","1.0","approved","rank-12 (1168 mentions)","2026-05-02T17:27:08.382925+00:00"
"111","Karachi","karachi","loc:karachi","Karachi","LOCATION","city","manual_seed","1.0","approved","rank-13 (1160 mentions)","2026-05-02T17:27:08.382925+00:00"
"112","Lahore","lahore","loc:lahore","Lahore","LOCATION","city","manual_seed","1.0","approved","rank-24 (720 mentions)","2026-05-02T17:27:08.382925+00:00"
"113","Peshawar","peshawar","loc:peshawar","Peshawar","LOCATION","city","manual_seed","1.0","approved","rank-82 (236 mentions)","2026-05-02T17:27:08.382925+00:00"
"114","Rawalpindi","rawalpindi","loc:rawalpindi","Rawalpindi","LOCATION","city","manual_seed","1.0","approved","rank-72 (274 mentions)","2026-05-02T17:27:08.382925+00:00"
"115","Punjab","punjab","loc:punjab","Punjab","LOCATION","province","manual_seed","1.0","approved","rank-22 (790 mentions)","2026-05-02T17:27:08.382925+00:00"
"116","Sindh","sindh","loc:sindh","Sindh","LOCATION","province","manual_seed","1.0","approved","rank-34 (608 mentions)","2026-05-02T17:27:08.382925+00:00"
"117","Balochistan","balochistan","loc:balochistan","Balochistan","LOCATION","province","manual_seed","1.0","approved","rank-36 (593 mentions)","2026-05-02T17:27:08.382925+00:00"
"118","KP","kp","loc:kp","Khyber Pakhtunkhwa","LOCATION","province","manual_seed","1.0","approved","rank-54 (402 mentions); abbreviation","2026-05-02T17:27:08.382925+00:00"
"119","Khyber Pakhtunkhwa","khyber pakhtunkhwa","loc:kp","Khyber Pakhtunkhwa","LOCATION","province","manual_seed","1.0","approved","full name","2026-05-02T17:27:08.382925+00:00"
"120","Kashmir","kashmir","loc:kashmir","Kashmir","LOCATION","region","manual_seed","1.0","approved","rank-83 (236 mentions)","2026-05-02T17:27:08.382925+00:00"
"121","AJK","ajk","loc:ajk","Azad Jammu and Kashmir","LOCATION","region","manual_seed","1.0","approved","rank-85 (235 mentions); abbreviation","2026-05-02T17:27:08.382925+00:00"
"122","arshad sharif","arshad sharif","person:arshad_sharif","Arshad Sharif","PERSON",,"llm_cluster_qwen2.5_14b","0.9","approved","tier-2 SBERT cluster, human-verified","2026-05-02T17:31:26.143397+00:00"
"123","arshad sharif shaheed","arshad sharif shaheed","person:arshad_sharif","Arshad Sharif","PERSON",,"llm_cluster_qwen2.5_14b","0.9","approved","tier-2 SBERT cluster, human-verified","2026-05-02T17:31:26.143397+00:00"
"124","shaheed arshad sharif","shaheed arshad sharif","person:arshad_sharif","Arshad Sharif","PERSON",,"llm_cluster_qwen2.5_14b","0.9","approved","tier-2 SBERT cluster, human-verified","2026-05-02T17:31:26.143397+00:00"
"125","fawad chaudhry","fawad chaudhry","person:fawad_chaudhry","Fawad Chaudhry","PERSON",,"llm_cluster_qwen2.5_14b","0.9","approved","tier-2 SBERT cluster, human-verified","2026-05-02T17:31:26.143413+00:00"
"126","fawad chaudhary","fawad chaudhary","person:fawad_chaudhry","Fawad Chaudhry","PERSON",,"llm_cluster_qwen2.5_14b","0.9","approved","tier-2 SBERT cluster, human-verified","2026-05-02T17:31:26.143413+00:00"
"127","israeli forces","israeli forces","org:israeli_military","Israeli Military","ORGANIZATION",,"llm_cluster_qwen2.5_14b","0.9","approved","tier-2 SBERT cluster, human-verified","2026-05-02T17:31:26.143418+00:00"
"128","israeli military","israeli military","org:israeli_military","Israeli Military","ORGANIZATION",,"llm_cluster_qwen2.5_14b","0.9","approved","tier-2 SBERT cluster, human-verified","2026-05-02T17:31:26.143418+00:00"
"129","israeli army","israeli army","org:israeli_military","Israeli Military","ORGANIZATION",,"llm_cluster_qwen2.5_14b","0.9","approved","tier-2 SBERT cluster, human-verified","2026-05-02T17:31:26.143418+00:00"
"130","israeli troops","israeli troops","org:israeli_military","Israeli Military","ORGANIZATION",,"llm_cluster_qwen2.5_14b","0.9","approved","tier-2 SBERT cluster, human-verified","2026-05-02T17:31:26.143418+00:00"
"131","israel army","israel army","org:israeli_military","Israeli Military","ORGANIZATION",,"llm_cluster_qwen2.5_14b","0.9","approved","tier-2 SBERT cluster, human-verified","2026-05-02T17:31:26.143418+00:00"
"132","shah mahmood qureshi","shah mahmood qureshi","person:shah_mahmood_qureshi","Shah Mahmood Qureshi","PERSON",,"llm_cluster_qwen2.5_14b","0.9","approved","tier-2 SBERT cluster, human-verified","2026-05-02T17:31:26.143424+00:00"
"133","shah mehmood qureshi","shah mehmood qureshi","person:shah_mahmood_qureshi","Shah Mahmood Qureshi","PERSON",,"llm_cluster_qwen2.5_14b","0.9","approved","tier-2 SBERT cluster, human-verified","2026-05-02T17:31:26.143424+00:00"
"134","shah mehmud qureshi","shah mehmud qureshi","person:shah_mahmood_qureshi","Shah Mahmood Qureshi","PERSON",,"llm_cluster_qwen2.5_14b","0.9","approved","tier-2 SBERT cluster, human-verified","2026-05-02T17:31:26.143424+00:00"
"135","netanyahu","netanyahu","person:netanyahu","Benjamin Netanyahu","PERSON",,"llm_cluster_qwen2.5_14b","0.9","approved","tier-2 SBERT cluster, human-verified","2026-05-02T17:31:26.143427+00:00"
"136","benjamin netanyahu","benjamin netanyahu","person:netanyahu","Benjamin Netanyahu","PERSON",,"llm_cluster_qwen2.5_14b","0.9","approved","tier-2 SBERT cluster, human-verified","2026-05-02T17:31:26.143427+00:00"
"137","musharraf","musharraf","person:pervez_musharraf","Pervez Musharraf","PERSON",,"llm_cluster_qwen2.5_14b","0.9","approved","tier-2 SBERT cluster, human-verified","2026-05-02T17:31:26.143430+00:00"
"138","pervez musharraf","pervez musharraf","person:pervez_musharraf","Pervez Musharraf","PERSON",,"llm_cluster_qwen2.5_14b","0.9","approved","tier-2 SBERT cluster, human-verified","2026-05-02T17:31:26.143430+00:00"
"139","general musharraf","general musharraf","person:pervez_musharraf","Pervez Musharraf","PERSON",,"llm_cluster_qwen2.5_14b","0.9","approved","tier-2 SBERT cluster, human-verified","2026-05-02T17:31:26.143430+00:00"
"140","gen musharraf","gen musharraf","person:pervez_musharraf","Pervez Musharraf","PERSON",,"llm_cluster_qwen2.5_14b","0.9","approved","tier-2 SBERT cluster, human-verified","2026-05-02T17:31:26.143430+00:00"
"141","gen. musharraf","gen. musharraf","person:pervez_musharraf","Pervez Musharraf","PERSON",,"llm_cluster_qwen2.5_14b","0.9","approved","tier-2 SBERT cluster, human-verified","2026-05-02T17:31:26.143430+00:00"
"142","general pervez musharraf","general pervez musharraf","person:pervez_musharraf","Pervez Musharraf","PERSON",,"llm_cluster_qwen2.5_14b","0.9","approved","tier-2 SBERT cluster, human-verified","2026-05-02T17:31:26.143430+00:00"
"143","gen pervez musharraf","gen pervez musharraf","person:pervez_musharraf","Pervez Musharraf","PERSON",,"llm_cluster_qwen2.5_14b","0.9","approved","tier-2 SBERT cluster, human-verified","2026-05-02T17:31:26.143430+00:00"
"144","khawaja asif","khawaja asif","person:khawaja_asif","Khawaja Asif","PERSON",,"llm_cluster_qwen2.5_14b","0.9","approved","tier-2 SBERT cluster, human-verified","2026-05-02T17:31:26.143435+00:00"
"145","khawaja m asif","khawaja m asif","person:khawaja_asif","Khawaja Asif","PERSON",,"llm_cluster_qwen2.5_14b","0.9","approved","tier-2 SBERT cluster, human-verified","2026-05-02T17:31:26.143435+00:00"
"146","punjab government","punjab government","org:punjab_government","Punjab Government","ORGANIZATION",,"llm_cluster_qwen2.5_14b","0.9","approved","tier-2 SBERT cluster, human-verified","2026-05-02T17:31:26.143437+00:00"
"147","punjab govt","punjab govt","org:punjab_government","Punjab Government","ORGANIZATION",,"llm_cluster_qwen2.5_14b","0.9","approved","tier-2 SBERT cluster, human-verified","2026-05-02T17:31:26.143437+00:00"
"148","imran riaz khan","imran riaz khan","person:imran_riaz_khan","Imran Riaz Khan","PERSON",,"llm_cluster_qwen2.5_14b","0.9","approved","tier-2 SBERT cluster, human-verified","2026-05-02T17:31:26.143440+00:00"
"149","imran khan riaz","imran khan riaz","person:imran_riaz_khan","Imran Riaz Khan","PERSON",,"llm_cluster_qwen2.5_14b","0.9","approved","tier-2 SBERT cluster, human-verified","2026-05-02T17:31:26.143440+00:00"
"150","joe biden","joe biden","person:biden","Joe Biden","PERSON",,"llm_cluster_qwen2.5_14b","0.9","approved","tier-2 SBERT cluster, human-verified","2026-05-02T17:31:26.143443+00:00"
"151","us president joe biden","us president joe biden","person:biden","Joe Biden","PERSON",,"llm_cluster_qwen2.5_14b","0.9","approved","tier-2 SBERT cluster, human-verified","2026-05-02T17:31:26.143443+00:00"
"152","president biden","president biden","person:biden","Joe Biden","PERSON",,"llm_cluster_qwen2.5_14b","0.9","approved","tier-2 SBERT cluster, human-verified","2026-05-02T17:31:26.143443+00:00"
"153","president joe biden","president joe biden","person:biden","Joe Biden","PERSON",,"llm_cluster_qwen2.5_14b","0.9","approved","tier-2 SBERT cluster, human-verified","2026-05-02T17:31:26.143443+00:00"
"154","us president biden","us president biden","person:biden","Joe Biden","PERSON",,"llm_cluster_qwen2.5_14b","0.9","approved","tier-2 SBERT cluster, human-verified","2026-05-02T17:31:26.143443+00:00"
"155","n league","n league","party:pml_n","PML-N","PARTY",,"llm_cluster_qwen2.5_14b","0.9","approved","tier-2 SBERT cluster, human-verified","2026-05-02T17:31:26.143446+00:00"
"156","n-league","n-league","party:pml_n","PML-N","PARTY",,"llm_cluster_qwen2.5_14b","0.9","approved","tier-2 SBERT cluster, human-verified","2026-05-02T17:31:26.143446+00:00"
"157","pakistani military","pakistani military","org:pakistan_army","Pakistan Army","ORGANIZATION",,"llm_cluster_qwen2.5_14b","0.9","approved","tier-2 SBERT cluster, human-verified","2026-05-02T17:31:26.143452+00:00"
"158","pakistani army","pakistani army","org:pakistan_army","Pakistan Army","ORGANIZATION",,"llm_cluster_qwen2.5_14b","0.9","approved","tier-2 SBERT cluster, human-verified","2026-05-02T17:31:26.143452+00:00"
"159","pakistani military establishment","pakistani military establishment","org:pakistan_army","Pakistan Army","ORGANIZATION",,"llm_cluster_qwen2.5_14b","0.9","approved","tier-2 SBERT cluster, human-verified","2026-05-02T17:31:26.143452+00:00"
"160","pakistani security forces","pakistani security forces","org:pakistan_army","Pakistan Army","ORGANIZATION",,"llm_cluster_qwen2.5_14b","0.9","approved","tier-2 SBERT cluster, human-verified","2026-05-02T17:31:26.143452+00:00"
"161","pakistani forces","pakistani forces","org:pakistan_army","Pakistan Army","ORGANIZATION",,"llm_cluster_qwen2.5_14b","0.9","approved","tier-2 SBERT cluster, human-verified","2026-05-02T17:31:26.143452+00:00"
"162","pakistan’s military","pakistan’s military","org:pakistan_army","Pakistan Army","ORGANIZATION",,"llm_cluster_qwen2.5_14b","0.9","approved","tier-2 SBERT cluster, human-verified","2026-05-02T17:31:26.143452+00:00"
"163","qazi faez isa","qazi faez isa","person:qazi_faez_isa","Qazi Faez Isa","PERSON",,"llm_cluster_qwen2.5_14b","0.9","approved","tier-2 SBERT cluster, human-verified","2026-05-02T17:31:26.143460+00:00"
"164","qazi faez","qazi faez","person:qazi_faez_isa","Qazi Faez Isa","PERSON",,"llm_cluster_qwen2.5_14b","0.9","approved","tier-2 SBERT cluster, human-verified","2026-05-02T17:31:26.143460+00:00"
"165","qazi faez issa","qazi faez issa","person:qazi_faez_isa","Qazi Faez Isa","PERSON",,"llm_cluster_qwen2.5_14b","0.9","approved","tier-2 SBERT cluster, human-verified","2026-05-02T17:31:26.143460+00:00"
"166","maulana fazlur rehman","maulana fazlur rehman","person:fazlur_rehman","Maulana Fazlur Rehman","PERSON",,"llm_cluster_qwen2.5_14b","0.9","approved","tier-2 SBERT cluster, human-verified","2026-05-02T17:31:26.143463+00:00"
"167","maulana fazal ur rehman","maulana fazal ur rehman","person:fazlur_rehman","Maulana Fazlur Rehman","PERSON",,"llm_cluster_qwen2.5_14b","0.9","approved","tier-2 SBERT cluster, human-verified","2026-05-02T17:31:26.143463+00:00"
"168","maulana fazl-ur-rehman","maulana fazl-ur-rehman","person:fazlur_rehman","Maulana Fazlur Rehman","PERSON",,"llm_cluster_qwen2.5_14b","0.9","approved","tier-2 SBERT cluster, human-verified","2026-05-02T17:31:26.143463+00:00"
"169","maulana fazal-ur-rehman","maulana fazal-ur-rehman","person:fazlur_rehman","Maulana Fazlur Rehman","PERSON",,"llm_cluster_qwen2.5_14b","0.9","approved","tier-2 SBERT cluster, human-verified","2026-05-02T17:31:26.143463+00:00"
"170","pakistani government","pakistani government","org:government","Government","ORGANIZATION",,"llm_cluster_qwen2.5_14b","0.9","approved","tier-2 SBERT cluster, human-verified","2026-05-02T17:31:26.143467+00:00"
"171","government of pakistan","government of pakistan","org:government","Government","ORGANIZATION",,"llm_cluster_qwen2.5_14b","0.9","approved","tier-2 SBERT cluster, human-verified","2026-05-02T17:31:26.143467+00:00"
"172","pakistani govt","pakistani govt","org:government","Government","ORGANIZATION",,"llm_cluster_qwen2.5_14b","0.9","approved","tier-2 SBERT cluster, human-verified","2026-05-02T17:31:26.143467+00:00"
"173","govt of pakistan","govt of pakistan","org:government","Government","ORGANIZATION",,"llm_cluster_qwen2.5_14b","0.9","approved","tier-2 SBERT cluster, human-verified","2026-05-02T17:31:26.143467+00:00"
"174","pakistan government","pakistan government","org:government","Government","ORGANIZATION",,"llm_cluster_qwen2.5_14b","0.9","approved","tier-2 SBERT cluster, human-verified","2026-05-02T17:31:26.143467+00:00"
"175","pakistan govt","pakistan govt","org:government","Government","ORGANIZATION",,"llm_cluster_qwen2.5_14b","0.9","approved","tier-2 SBERT cluster, human-verified","2026-05-02T17:31:26.143467+00:00"
"176","sheikh rashid","sheikh rashid","person:sheikh_rashid","Sheikh Rashid","PERSON",,"llm_cluster_qwen2.5_14b","0.9","approved","tier-2 SBERT cluster, human-verified","2026-05-02T17:31:26.143472+00:00"
"177","sheikh rashid ahmed","sheikh rashid ahmed","person:sheikh_rashid","Sheikh Rashid","PERSON",,"llm_cluster_qwen2.5_14b","0.9","approved","tier-2 SBERT cluster, human-verified","2026-05-02T17:31:26.143472+00:00"
"178","sheikh rashid ahmad","sheikh rashid ahmad","person:sheikh_rashid","Sheikh Rashid","PERSON",,"llm_cluster_qwen2.5_14b","0.9","approved","tier-2 SBERT cluster, human-verified","2026-05-02T17:31:26.143472+00:00"
"179","sindh government","sindh government","org:sindh_government","Sindh Government","ORGANIZATION",,"llm_cluster_qwen2.5_14b","0.9","approved","tier-2 SBERT cluster, human-verified","2026-05-02T17:31:26.143474+00:00"
"180","sindh govt","sindh govt","org:sindh_government","Sindh Government","ORGANIZATION",,"llm_cluster_qwen2.5_14b","0.9","approved","tier-2 SBERT cluster, human-verified","2026-05-02T17:31:26.143474+00:00"
"181","lahore high court","lahore high court","org:lhc","Lahore High Court","ORGANIZATION",,"llm_cluster_qwen2.5_14b","0.9","approved","tier-2 SBERT cluster, human-verified","2026-05-02T17:31:26.143477+00:00"
"183","jahangir tareen","jahangir tareen","person:jahangir_tareen","Jahangir Tareen","PERSON",,"llm_cluster_qwen2.5_14b","0.9","approved","tier-2 SBERT cluster, human-verified","2026-05-02T17:31:26.143479+00:00"
"184","jehangir tareen","jehangir tareen","person:jahangir_tareen","Jahangir Tareen","PERSON",,"llm_cluster_qwen2.5_14b","0.9","approved","tier-2 SBERT cluster, human-verified","2026-05-02T17:31:26.143479+00:00"
"185","us state department","us state department","org:us_state_department","US State Department","ORGANIZATION",,"llm_cluster_qwen2.5_14b","0.9","approved","tier-2 SBERT cluster, human-verified","2026-05-02T17:31:26.143482+00:00"
"186","state department","state department","org:us_state_department","US State Department","ORGANIZATION",,"llm_cluster_qwen2.5_14b","0.9","approved","tier-2 SBERT cluster, human-verified","2026-05-02T17:31:26.143482+00:00"
"187","state dept","state dept","org:us_state_department","US State Department","ORGANIZATION",,"llm_cluster_qwen2.5_14b","0.9","approved","tier-2 SBERT cluster, human-verified","2026-05-02T17:31:26.143482+00:00"
"188","us state dept","us state dept","org:us_state_department","US State Department","ORGANIZATION",,"llm_cluster_qwen2.5_14b","0.9","approved","tier-2 SBERT cluster, human-verified","2026-05-02T17:31:26.143482+00:00"
"189","ali amin gandapur","ali amin gandapur","person:ali_amin_gandapur","Ali Amin Gandapur","PERSON",,"llm_cluster_qwen2.5_14b","0.9","approved","tier-2 SBERT cluster, human-verified","2026-05-02T17:31:26.143485+00:00"
"190","ali amin khan gandapur","ali amin khan gandapur","person:ali_amin_gandapur","Ali Amin Gandapur","PERSON",,"llm_cluster_qwen2.5_14b","0.9","approved","tier-2 SBERT cluster, human-verified","2026-05-02T17:31:26.143485+00:00"
"191","asad qaiser","asad qaiser","person:asad_qaiser","Asad Qaiser","PERSON",,"llm_cluster_qwen2.5_14b","0.9","approved","tier-2 SBERT cluster, human-verified","2026-05-02T17:31:26.143487+00:00"
"192","asad qaisar","asad qaisar","person:asad_qaiser","Asad Qaiser","PERSON",,"llm_cluster_qwen2.5_14b","0.9","approved","tier-2 SBERT cluster, human-verified","2026-05-02T17:31:26.143487+00:00"
"193","imran riaz","imran riaz","person:imran_riaz_khan","Imran Riaz Khan","PERSON",,"llm_cluster_qwen2.5_14b","0.9","approved","tier-2 SBERT cluster, human-verified","2026-05-02T17:31:26.143489+00:00"
"194","imran riyaz","imran riyaz","person:imran_riaz_khan","Imran Riaz Khan","PERSON",,"llm_cluster_qwen2.5_14b","0.9","approved","tier-2 SBERT cluster, human-verified","2026-05-02T17:31:26.143489+00:00"
"195","donald trump","donald trump","person:trump","Donald Trump","PERSON",,"llm_cluster_qwen2.5_14b","0.9","approved","tier-2 SBERT cluster, human-verified","2026-05-02T17:31:26.143492+00:00"
"196","president trump","president trump","person:trump","Donald Trump","PERSON",,"llm_cluster_qwen2.5_14b","0.9","approved","tier-2 SBERT cluster, human-verified","2026-05-02T17:31:26.143492+00:00"
"197","pakistanis","pakistanis","person:pakistanis","Pakistanis","PERSON",,"llm_cluster_qwen2.5_14b","0.9","approved","tier-2 SBERT cluster, human-verified","2026-05-02T17:31:26.143494+00:00"
"198","pakistani people","pakistani people","person:pakistanis","Pakistanis","PERSON",,"llm_cluster_qwen2.5_14b","0.9","approved","tier-2 SBERT cluster, human-verified","2026-05-02T17:31:26.143494+00:00"
"199","erdogan","erdogan","person:erdogan","Recep Tayyip Erdogan","PERSON",,"llm_cluster_qwen2.5_14b","0.9","approved","tier-2 SBERT cluster, human-verified","2026-05-02T17:31:26.143496+00:00"
"200","president erdogan","president erdogan","person:erdogan","Recep Tayyip Erdogan","PERSON",,"llm_cluster_qwen2.5_14b","0.9","approved","tier-2 SBERT cluster, human-verified","2026-05-02T17:31:26.143496+00:00"
"201","sher afzal marwat","sher afzal marwat","person:sher_afzal_marwat","Sher Afzal Marwat","PERSON",,"llm_cluster_qwen2.5_14b","0.9","approved","tier-2 SBERT cluster, human-verified","2026-05-02T17:31:26.143498+00:00"
"202","sher afzal khan marwat","sher afzal khan marwat","person:sher_afzal_marwat","Sher Afzal Marwat","PERSON",,"llm_cluster_qwen2.5_14b","0.9","approved","tier-2 SBERT cluster, human-verified","2026-05-02T17:31:26.143498+00:00"
"203","sher afzal murwat","sher afzal murwat","person:sher_afzal_marwat","Sher Afzal Marwat","PERSON",,"llm_cluster_qwen2.5_14b","0.9","approved","tier-2 SBERT cluster, human-verified","2026-05-02T17:31:26.143498+00:00"
"204","parvez elahi","parvez elahi","person:pervez_elahi","Pervez Elahi","PERSON",,"llm_cluster_qwen2.5_14b","0.9","approved","tier-2 SBERT cluster, human-verified","2026-05-02T17:31:26.143501+00:00"
"205","pervez elahi","pervez elahi","person:pervez_elahi","Pervez Elahi","PERSON",,"llm_cluster_qwen2.5_14b","0.9","approved","tier-2 SBERT cluster, human-verified","2026-05-02T17:31:26.143501+00:00"
"206","shahid khaqan abbasi","shahid khaqan abbasi","person:shahid_khaqan_abbasi","Shahid Khaqan Abbasi","PERSON",,"llm_cluster_qwen2.5_14b","0.9","approved","tier-2 SBERT cluster, human-verified","2026-05-02T17:31:26.143503+00:00"
"207","shahid khakkan abbasi","shahid khakkan abbasi","person:shahid_khaqan_abbasi","Shahid Khaqan Abbasi","PERSON",,"llm_cluster_qwen2.5_14b","0.9","approved","tier-2 SBERT cluster, human-verified","2026-05-02T17:31:26.143503+00:00"
"208","pakistan tehreek-e-insaf","pakistan tehreek-e-insaf","party:pti","PTI","PARTY",,"llm_cluster_qwen2.5_14b","0.9","approved","tier-2 SBERT cluster, human-verified","2026-05-02T17:31:26.143506+00:00"
"209","pakistan tehreek-i-insaf","pakistan tehreek-i-insaf","party:pti","PTI","PARTY",,"llm_cluster_qwen2.5_14b","0.9","approved","tier-2 SBERT cluster, human-verified","2026-05-02T17:31:26.143506+00:00"
"211","protesters","protesters","person:protesters","Protesters","PERSON",,"llm_cluster_qwen2.5_14b","0.9","approved","tier-2 SBERT cluster, human-verified","2026-05-02T17:31:26.143509+00:00"
"212","protestors","protestors","person:protesters","Protesters","PERSON",,"llm_cluster_qwen2.5_14b","0.9","approved","tier-2 SBERT cluster, human-verified","2026-05-02T17:31:26.143509+00:00"
"213","azma bokhari","azma bokhari","person:azma_bukhari","Azma Bukhari","PERSON",,"llm_cluster_qwen2.5_14b","0.9","approved","tier-2 SBERT cluster, human-verified","2026-05-02T17:31:26.143511+00:00"
"214","azma bukhari","azma bukhari","person:azma_bukhari","Azma Bukhari","PERSON",,"llm_cluster_qwen2.5_14b","0.9","approved","tier-2 SBERT cluster, human-verified","2026-05-02T17:31:26.143511+00:00"
"215","indian army","indian army","org:indian_army","Indian Army","ORGANIZATION",,"llm_cluster_qwen2.5_14b","0.9","approved","tier-2 SBERT cluster, human-verified","2026-05-02T17:31:26.143513+00:00"
"216","indian military","indian military","org:indian_army","Indian Army","ORGANIZATION",,"llm_cluster_qwen2.5_14b","0.9","approved","tier-2 SBERT cluster, human-verified","2026-05-02T17:31:26.143513+00:00"
"217","indian armed forces","indian armed forces","org:indian_army","Indian Army","ORGANIZATION",,"llm_cluster_qwen2.5_14b","0.9","approved","tier-2 SBERT cluster, human-verified","2026-05-02T17:31:26.143513+00:00"
"218","azam swati","azam swati","person:azam_swati","Azam Swati","PERSON",,"llm_cluster_qwen2.5_14b","0.9","approved","tier-2 SBERT cluster, human-verified","2026-05-02T17:31:26.143515+00:00"
"219","azam khan swati","azam khan swati","person:azam_swati","Azam Swati","PERSON",,"llm_cluster_qwen2.5_14b","0.9","approved","tier-2 SBERT cluster, human-verified","2026-05-02T17:31:26.143515+00:00"
"220","zulfikar ali bhutto","zulfikar ali bhutto","person:zulfikar_ali_bhutto","Zulfikar Ali Bhutto","PERSON",,"llm_cluster_qwen2.5_14b","0.9","approved","tier-2 SBERT cluster, human-verified","2026-05-02T17:31:26.143518+00:00"
"221","zulfiqar ali bhutto","zulfiqar ali bhutto","person:zulfikar_ali_bhutto","Zulfikar Ali Bhutto","PERSON",,"llm_cluster_qwen2.5_14b","0.9","approved","tier-2 SBERT cluster, human-verified","2026-05-02T17:31:26.143518+00:00"
"222","zulfiqar bhutto","zulfiqar bhutto","person:zulfikar_ali_bhutto","Zulfikar Ali Bhutto","PERSON",,"llm_cluster_qwen2.5_14b","0.9","approved","tier-2 SBERT cluster, human-verified","2026-05-02T17:31:26.143518+00:00"
"223","dr. shahbaz gill","dr. shahbaz gill","person:shahbaz_gill","Shahbaz Gill","PERSON",,"llm_cluster_qwen2.5_14b","0.9","approved","tier-2 SBERT cluster, human-verified","2026-05-02T17:31:26.143521+00:00"
"224","dr. shehbaz gill","dr. shehbaz gill","person:shahbaz_gill","Shahbaz Gill","PERSON",,"llm_cluster_qwen2.5_14b","0.9","approved","tier-2 SBERT cluster, human-verified","2026-05-02T17:31:26.143521+00:00"
"225","dr shahbaz gill","dr shahbaz gill","person:shahbaz_gill","Shahbaz Gill","PERSON",,"llm_cluster_qwen2.5_14b","0.9","approved","tier-2 SBERT cluster, human-verified","2026-05-02T17:31:26.143521+00:00"
"226","gilgit-baltistan","gilgit-baltistan","loc:gilgit_baltistan","Gilgit-Baltistan","LOCATION",,"llm_cluster_qwen2.5_14b","0.9","approved","tier-2 SBERT cluster, human-verified","2026-05-02T17:31:26.143524+00:00"
"228","gilgit baltistan","gilgit baltistan","loc:gilgit_baltistan","Gilgit-Baltistan","LOCATION",,"llm_cluster_qwen2.5_14b","0.9","approved","tier-2 SBERT cluster, human-verified","2026-05-02T17:31:26.143524+00:00"
"229","interior ministry","interior ministry","org:interior_ministry","Interior Ministry","ORGANIZATION",,"llm_cluster_qwen2.5_14b","0.9","approved","tier-2 SBERT cluster, human-verified","2026-05-02T17:31:26.143526+00:00"
"230","ministry of interior","ministry of interior","org:interior_ministry","Interior Ministry","ORGANIZATION",,"llm_cluster_qwen2.5_14b","0.9","approved","tier-2 SBERT cluster, human-verified","2026-05-02T17:31:26.143526+00:00"
"231","dg isi","dg isi","org:dg_isi","DG ISI","ORGANIZATION",,"llm_cluster_qwen2.5_14b","0.9","approved","tier-2 SBERT cluster, human-verified","2026-05-02T17:31:26.143528+00:00"
"232","dg-isi","dg-isi","org:dg_isi","DG ISI","ORGANIZATION",,"llm_cluster_qwen2.5_14b","0.9","approved","tier-2 SBERT cluster, human-verified","2026-05-02T17:31:26.143528+00:00"
"233","quaid-e-azam","quaid-e-azam","person:quaid_e_azam","Quaid-e-Azam","PERSON",,"llm_cluster_qwen2.5_14b","0.9","approved","tier-2 SBERT cluster, human-verified","2026-05-02T17:31:26.143531+00:00"
"234","quaid e azam","quaid e azam","person:quaid_e_azam","Quaid-e-Azam","PERSON",,"llm_cluster_qwen2.5_14b","0.9","approved","tier-2 SBERT cluster, human-verified","2026-05-02T17:31:26.143531+00:00"
"235","quaid-i-azam","quaid-i-azam","person:quaid_e_azam","Quaid-e-Azam","PERSON",,"llm_cluster_qwen2.5_14b","0.9","approved","tier-2 SBERT cluster, human-verified","2026-05-02T17:31:26.143531+00:00"
"236","justice minallah","justice minallah","person:athar_minallah","Justice Athar Minallah","PERSON",,"llm_cluster_qwen2.5_14b","0.9","approved","tier-2 SBERT cluster, human-verified","2026-05-02T17:31:26.143533+00:00"
"237","justice athar minallah","justice athar minallah","person:athar_minallah","Justice Athar Minallah","PERSON",,"llm_cluster_qwen2.5_14b","0.9","approved","tier-2 SBERT cluster, human-verified","2026-05-02T17:31:26.143533+00:00"
"238","indian government","indian government","org:indian_government","Indian Government","ORGANIZATION",,"llm_cluster_qwen2.5_14b","0.9","approved","tier-2 SBERT cluster, human-verified","2026-05-02T17:31:26.143535+00:00"
"239","indian govt","indian govt","org:indian_government","Indian Government","ORGANIZATION",,"llm_cluster_qwen2.5_14b","0.9","approved","tier-2 SBERT cluster, human-verified","2026-05-02T17:31:26.143535+00:00"
"240","yousaf raza gillani","yousaf raza gillani","person:yousaf_raza_gillani","Yousaf Raza Gillani","PERSON",,"llm_cluster_qwen2.5_14b","0.9","approved","tier-2 SBERT cluster, human-verified","2026-05-02T17:31:26.143538+00:00"
"241","yousuf raza gilani","yousuf raza gilani","person:yousaf_raza_gillani","Yousaf Raza Gillani","PERSON",,"llm_cluster_qwen2.5_14b","0.9","approved","tier-2 SBERT cluster, human-verified","2026-05-02T17:31:26.143538+00:00"
"242","yousaf raza gilani","yousaf raza gilani","person:yousaf_raza_gillani","Yousaf Raza Gillani","PERSON",,"llm_cluster_qwen2.5_14b","0.9","approved","tier-2 SBERT cluster, human-verified","2026-05-02T17:31:26.143538+00:00"
"243","justice qazi faez isa","justice qazi faez isa","person:qazi_faez_isa","Qazi Faez Isa","PERSON",,"llm_cluster_qwen2.5_14b","0.9","approved","tier-2 SBERT cluster, human-verified","2026-05-02T17:31:26.143541+00:00"
"244","justice qazi faiz isa","justice qazi faiz isa","person:qazi_faez_isa","Qazi Faez Isa","PERSON",,"llm_cluster_qwen2.5_14b","0.9","approved","tier-2 SBERT cluster, human-verified","2026-05-02T17:31:26.143541+00:00"
"245","justice qazi faiz esa","justice qazi faiz esa","person:qazi_faez_isa","Qazi Faez Isa","PERSON",,"llm_cluster_qwen2.5_14b","0.9","approved","tier-2 SBERT cluster, human-verified","2026-05-02T17:31:26.143541+00:00"
"246","faisal naseer","faisal naseer","person:faisal_naseer","Faisal Naseer","PERSON",,"llm_cluster_qwen2.5_14b","0.9","approved","tier-2 SBERT cluster, human-verified","2026-05-02T17:31:26.143543+00:00"
"247","faisal nasir","faisal nasir","person:faisal_naseer","Faisal Naseer","PERSON",,"llm_cluster_qwen2.5_14b","0.9","approved","tier-2 SBERT cluster, human-verified","2026-05-02T17:31:26.143543+00:00"
"248","dr. abdul qadeer khan","dr. abdul qadeer khan","person:abdul_qadeer_khan","Dr Abdul Qadeer Khan","PERSON",,"llm_cluster_qwen2.5_14b","0.9","approved","tier-2 SBERT cluster, human-verified","2026-05-02T17:31:26.143545+00:00"
"249","dr abdul qadeer khan","dr abdul qadeer khan","person:abdul_qadeer_khan","Dr Abdul Qadeer Khan","PERSON",,"llm_cluster_qwen2.5_14b","0.9","approved","tier-2 SBERT cluster, human-verified","2026-05-02T17:31:26.143545+00:00"
"250","dr. abdul qadir khan","dr. abdul qadir khan","person:abdul_qadeer_khan","Dr Abdul Qadeer Khan","PERSON",,"llm_cluster_qwen2.5_14b","0.9","approved","tier-2 SBERT cluster, human-verified","2026-05-02T17:31:26.143545+00:00"
"251","kp govt","kp govt","org:kp_government","KP Government","ORGANIZATION",,"llm_cluster_qwen2.5_14b","0.9","approved","tier-2 SBERT cluster, human-verified","2026-05-02T17:31:26.143548+00:00"
"252","kp government","kp government","org:kp_government","KP Government","ORGANIZATION",,"llm_cluster_qwen2.5_14b","0.9","approved","tier-2 SBERT cluster, human-verified","2026-05-02T17:31:26.143548+00:00"
"253","zahir jaffer","zahir jaffer","person:zahir_jaffer","Zahir Jaffer","PERSON",,"llm_cluster_qwen2.5_14b","0.9","approved","tier-2 SBERT cluster, human-verified","2026-05-02T17:31:26.143551+00:00"
"254","zaher jaffer","zaher jaffer","person:zahir_jaffer","Zahir Jaffer","PERSON",,"llm_cluster_qwen2.5_14b","0.9","approved","tier-2 SBERT cluster, human-verified","2026-05-02T17:31:26.143551+00:00"
"255","un security council","un security council","org:un_security_council","UN Security Council","ORGANIZATION",,"llm_cluster_qwen2.5_14b","0.9","approved","tier-2 SBERT cluster, human-verified","2026-05-02T17:31:26.143553+00:00"
"256","security council","security council","org:un_security_council","UN Security Council","ORGANIZATION",,"llm_cluster_qwen2.5_14b","0.9","approved","tier-2 SBERT cluster, human-verified","2026-05-02T17:31:26.143553+00:00"
"257","united nations security council","united nations security council","org:un_security_council","UN Security Council","ORGANIZATION",,"llm_cluster_qwen2.5_14b","0.9","approved","tier-2 SBERT cluster, human-verified","2026-05-02T17:31:26.143553+00:00"
"258","xi jinping","xi jinping","person:xi_jinping","Xi Jinping","PERSON",,"llm_cluster_qwen2.5_14b","0.9","approved","tier-2 SBERT cluster, human-verified","2026-05-02T17:31:26.143556+00:00"
"259","chinese president xi jinping","chinese president xi jinping","person:xi_jinping","Xi Jinping","PERSON",,"llm_cluster_qwen2.5_14b","0.9","approved","tier-2 SBERT cluster, human-verified","2026-05-02T17:31:26.143556+00:00"
"260","azam nazeer tarar","azam nazeer tarar","person:azam_nazeer_tarar","Azam Nazeer Tarar","PERSON",,"llm_cluster_qwen2.5_14b","0.9","approved","tier-2 SBERT cluster, human-verified","2026-05-02T17:31:26.143559+00:00"
"261","azam nazir tarar","azam nazir tarar","person:azam_nazeer_tarar","Azam Nazeer Tarar","PERSON",,"llm_cluster_qwen2.5_14b","0.9","approved","tier-2 SBERT cluster, human-verified","2026-05-02T17:31:26.143559+00:00"
"262","azam tarar","azam tarar","person:azam_nazeer_tarar","Azam Nazeer Tarar","PERSON",,"llm_cluster_qwen2.5_14b","0.9","approved","tier-2 SBERT cluster, human-verified","2026-05-02T17:31:26.143559+00:00"
"263","qazi faiz isa","qazi faiz isa","person:qazi_faez_isa","Qazi Faez Isa","PERSON",,"llm_cluster_qwen2.5_14b","0.9","approved","tier-2 SBERT cluster, human-verified","2026-05-02T17:31:26.143561+00:00"
"264","qazi isa","qazi isa","person:qazi_faez_isa","Qazi Faez Isa","PERSON",,"llm_cluster_qwen2.5_14b","0.9","approved","tier-2 SBERT cluster, human-verified","2026-05-02T17:31:26.143561+00:00"
"265","attaullah tarar","attaullah tarar","person:attaullah_tarar","Attaullah Tarar","PERSON",,"llm_cluster_qwen2.5_14b","0.9","approved","tier-2 SBERT cluster, human-verified","2026-05-02T17:31:26.143564+00:00"
"266","tarar attaullah","tarar attaullah","person:attaullah_tarar","Attaullah Tarar","PERSON",,"llm_cluster_qwen2.5_14b","0.9","approved","tier-2 SBERT cluster, human-verified","2026-05-02T17:31:26.143564+00:00"
"267","general qamar javed bajwa","general qamar javed bajwa","person:qamar_bajwa","Qamar Javed Bajwa","PERSON",,"llm_cluster_qwen2.5_14b","0.9","approved","tier-2 SBERT cluster, human-verified","2026-05-02T17:31:26.143566+00:00"
"268","gen qamar javed bajwa","gen qamar javed bajwa","person:qamar_bajwa","Qamar Javed Bajwa","PERSON",,"llm_cluster_qwen2.5_14b","0.9","approved","tier-2 SBERT cluster, human-verified","2026-05-02T17:31:26.143566+00:00"
"269","gen qamar bajwa","gen qamar bajwa","person:qamar_bajwa","Qamar Javed Bajwa","PERSON",,"llm_cluster_qwen2.5_14b","0.9","approved","tier-2 SBERT cluster, human-verified","2026-05-02T17:31:26.143566+00:00"
"270","jahangir khan tareen","jahangir khan tareen","person:jahangir_tareen","Jahangir Tareen","PERSON",,"llm_cluster_qwen2.5_14b","0.9","approved","tier-2 SBERT cluster, human-verified","2026-05-02T17:31:26.143569+00:00"
"271","jahangir khan tarin","jahangir khan tarin","person:jahangir_tareen","Jahangir Tareen","PERSON",,"llm_cluster_qwen2.5_14b","0.9","approved","tier-2 SBERT cluster, human-verified","2026-05-02T17:31:26.143569+00:00"
"272","tehreek-e-labaik","tehreek-e-labaik","org:tehreek_e_labaik","Tehreek-e-Labaik","ORGANIZATION",,"llm_cluster_qwen2.5_14b","0.9","approved","tier-2 SBERT cluster, human-verified","2026-05-02T17:31:26.143571+00:00"
"273","tehreek-e-labbaik","tehreek-e-labbaik","org:tehreek_e_labaik","Tehreek-e-Labaik","ORGANIZATION",,"llm_cluster_qwen2.5_14b","0.9","approved","tier-2 SBERT cluster, human-verified","2026-05-02T17:31:26.143571+00:00"
"274","pakistan armed forces","pakistan armed forces","org:pakistan_army","Pakistan Army","ORGANIZATION",,"llm_cluster_qwen2.5_14b","0.9","approved","tier-2 SBERT cluster, human-verified","2026-05-02T17:31:26.143573+00:00"
"275","pakistani armed forces","pakistani armed forces","org:pakistan_army","Pakistan Army","ORGANIZATION",,"llm_cluster_qwen2.5_14b","0.9","approved","tier-2 SBERT cluster, human-verified","2026-05-02T17:31:26.143573+00:00"
"276","armed forces of pakistan","armed forces of pakistan","org:pakistan_army","Pakistan Army","ORGANIZATION",,"llm_cluster_qwen2.5_14b","0.9","approved","tier-2 SBERT cluster, human-verified","2026-05-02T17:31:26.143573+00:00"
"277","yasmin rashid","yasmin rashid","person:yasmin_rashid","Yasmin Rashid","PERSON",,"llm_cluster_qwen2.5_14b","0.9","approved","tier-2 SBERT cluster, human-verified","2026-05-02T17:31:26.143576+00:00"
"278","yasmeen rashid","yasmeen rashid","person:yasmin_rashid","Yasmin Rashid","PERSON",,"llm_cluster_qwen2.5_14b","0.9","approved","tier-2 SBERT cluster, human-verified","2026-05-02T17:31:26.143576+00:00"
"279","dr arif alvi","dr arif alvi","person:arif_alvi","Dr Arif Alvi","PERSON",,"llm_cluster_qwen2.5_14b","0.9","approved","tier-2 SBERT cluster, human-verified","2026-05-02T17:31:26.143578+00:00"
"280","dr. arif alvi","dr. arif alvi","person:arif_alvi","Dr Arif Alvi","PERSON",,"llm_cluster_qwen2.5_14b","0.9","approved","tier-2 SBERT cluster, human-verified","2026-05-02T17:31:26.143578+00:00"
"281","chaudhry pervaiz elahi","chaudhry pervaiz elahi","person:pervez_elahi","Pervez Elahi","PERSON",,"llm_cluster_qwen2.5_14b","0.9","approved","tier-2 SBERT cluster, human-verified","2026-05-02T17:31:26.143580+00:00"
"282","chaudhry parvez elahi","chaudhry parvez elahi","person:pervez_elahi","Pervez Elahi","PERSON",,"llm_cluster_qwen2.5_14b","0.9","approved","tier-2 SBERT cluster, human-verified","2026-05-02T17:31:26.143580+00:00"
"283","choudhry pervaiz elahi","choudhry pervaiz elahi","person:pervez_elahi","Pervez Elahi","PERSON",,"llm_cluster_qwen2.5_14b","0.9","approved","tier-2 SBERT cluster, human-verified","2026-05-02T17:31:26.143580+00:00"
"284","chaudhry pervez elahi","chaudhry pervez elahi","person:pervez_elahi","Pervez Elahi","PERSON",,"llm_cluster_qwen2.5_14b","0.9","approved","tier-2 SBERT cluster, human-verified","2026-05-02T17:31:26.143580+00:00"
"285","pakistan cricket board","pakistan cricket board","org:pcb","Pakistan Cricket Board","ORGANIZATION",,"llm_cluster_qwen2.5_14b","0.9","approved","tier-2 SBERT cluster, human-verified","2026-05-02T17:31:26.143583+00:00"
"287","noor muqaddam","noor muqaddam","person:noor_muqaddam","Noor Muqaddam","PERSON",,"llm_cluster_qwen2.5_14b","0.9","approved","tier-2 SBERT cluster, human-verified","2026-05-02T17:31:26.143586+00:00"
"288","noor muqadam","noor muqadam","person:noor_muqaddam","Noor Muqaddam","PERSON",,"llm_cluster_qwen2.5_14b","0.9","approved","tier-2 SBERT cluster, human-verified","2026-05-02T17:31:26.143586+00:00"
"289","maj gen faisal naseer","maj gen faisal naseer","person:faisal_naseer","Faisal Naseer","PERSON",,"llm_cluster_qwen2.5_14b","0.9","approved","tier-2 SBERT cluster, human-verified","2026-05-02T17:31:26.143588+00:00"
"290","major general faisal naseer","major general faisal naseer","person:faisal_naseer","Faisal Naseer","PERSON",,"llm_cluster_qwen2.5_14b","0.9","approved","tier-2 SBERT cluster, human-verified","2026-05-02T17:31:26.143588+00:00"
"291","major general faisal nasir","major general faisal nasir","person:faisal_naseer","Faisal Naseer","PERSON",,"llm_cluster_qwen2.5_14b","0.9","approved","tier-2 SBERT cluster, human-verified","2026-05-02T17:31:26.143588+00:00"
"292","finance ministry","finance ministry","org:finance_ministry","Finance Ministry","ORGANIZATION",,"llm_cluster_qwen2.5_14b","0.9","approved","tier-2 SBERT cluster, human-verified","2026-05-02T17:31:26.143591+00:00"
"293","ministry of finance","ministry of finance","org:finance_ministry","Finance Ministry","ORGANIZATION",,"llm_cluster_qwen2.5_14b","0.9","approved","tier-2 SBERT cluster, human-verified","2026-05-02T17:31:26.143591+00:00"
"294","vladimir putin","vladimir putin","person:putin","Vladimir Putin","PERSON",,"llm_cluster_qwen2.5_14b","0.9","approved","tier-2 SBERT cluster, human-verified","2026-05-02T17:31:26.143593+00:00"
"295","russian president vladimir putin","russian president vladimir putin","person:putin","Vladimir Putin","PERSON",,"llm_cluster_qwen2.5_14b","0.9","approved","tier-2 SBERT cluster, human-verified","2026-05-02T17:31:26.143593+00:00"
"296","trudeau","trudeau","person:trudeau","Justin Trudeau","PERSON",,"llm_cluster_qwen2.5_14b","0.9","approved","tier-2 SBERT cluster, human-verified","2026-05-02T17:31:26.143595+00:00"
"297","justin trudeau","justin trudeau","person:trudeau","Justin Trudeau","PERSON",,"llm_cluster_qwen2.5_14b","0.9","approved","tier-2 SBERT cluster, human-verified","2026-05-02T17:31:26.143595+00:00"
"298","moulana tariq jameel","moulana tariq jameel","person:tariq_jameel","Maulana Tariq Jameel","PERSON",,"llm_cluster_qwen2.5_14b","0.9","approved","tier-2 SBERT cluster, human-verified","2026-05-02T17:31:26.143598+00:00"
"299","maulana tariq jameel","maulana tariq jameel","person:tariq_jameel","Maulana Tariq Jameel","PERSON",,"llm_cluster_qwen2.5_14b","0.9","approved","tier-2 SBERT cluster, human-verified","2026-05-02T17:31:26.143598+00:00"
"300","molana tariq jameel","molana tariq jameel","person:tariq_jameel","Maulana Tariq Jameel","PERSON",,"llm_cluster_qwen2.5_14b","0.9","approved","tier-2 SBERT cluster, human-verified","2026-05-02T17:31:26.143598+00:00"
"301","molana tariq jamil","molana tariq jamil","person:tariq_jameel","Maulana Tariq Jameel","PERSON",,"llm_cluster_qwen2.5_14b","0.9","approved","tier-2 SBERT cluster, human-verified","2026-05-02T17:31:26.143598+00:00"
